,superkingdom,phylum,class,order,family,genus,species
562,2.0,1224.0,1236.0,91347.0,543.0,561.0,562.0
666,2.0,1224.0,1236.0,135623.0,641.0,662.0,666.0
54571,2.0,201174.0,1760.0,85011.0,2062.0,1883.0,54571.0
1423,2.0,1239.0,91061.0,1385.0,186817.0,1386.0,1423.0
1409,2.0,1239.0,91061.0,1385.0,186817.0,1386.0,1409.0
1888,2.0,201174.0,1760.0,85011.0,2062.0,1883.0,1888.0
1902,2.0,201174.0,1760.0,85011.0,2062.0,1883.0,1902.0
1313,2.0,1239.0,91061.0,186826.0,1300.0,1301.0,1313.0
287,2.0,1224.0,1236.0,72274.0,135621.0,286.0,287.0
28901,2.0,1224.0,1236.0,91347.0,543.0,590.0,28901.0
1491,2.0,1239.0,186801.0,186802.0,31979.0,1485.0,1491.0
1584,2.0,1239.0,91061.0,186826.0,33958.0,1578.0,1584.0
1359,2.0,1239.0,91061.0,186826.0,1300.0,1357.0,1359.0
1596,2.0,1239.0,91061.0,186826.0,33958.0,1578.0,1596.0
92706,2.0,201174.0,1760.0,85007.0,1653.0,1716.0,92706.0
1772,2.0,201174.0,1760.0,85007.0,1762.0,1866885.0,1772.0
1773,2.0,201174.0,1760.0,85007.0,1762.0,1763.0,1773.0
64713,2157.0,28890.0,183963.0,1644055.0,1963271.0,56688.0,64713.0
2248,2157.0,28890.0,183963.0,1644055.0,1963271.0,56688.0,2248.0
1314,2.0,1239.0,91061.0,186826.0,1300.0,1301.0,1314.0
1597,2.0,1239.0,91061.0,186826.0,33958.0,2759736.0,1597.0
1582,2.0,1239.0,91061.0,186826.0,33958.0,2759736.0,1582.0
1639,2.0,1239.0,91061.0,1385.0,186820.0,1637.0,1639.0
1358,2.0,1239.0,91061.0,186826.0,1300.0,1357.0,1358.0
2108,2.0,544448.0,31969.0,2085.0,2092.0,2093.0,2108.0
2148,2.0,544448.0,31969.0,186329.0,2146.0,2147.0,2148.0
34,2.0,2818505.0,32015.0,29.0,31.0,32.0,34.0
1396,2.0,1239.0,91061.0,1385.0,186817.0,1386.0,1396.0
1280,2.0,1239.0,91061.0,1385.0,90964.0,1279.0,1280.0
1308,2.0,1239.0,91061.0,186826.0,1300.0,1301.0,1308.0
2111,2.0,544448.0,,2790996.0,2895623.0,2895509.0,2111.0
145263,2157.0,28890.0,183925.0,2158.0,2159.0,145260.0,145263.0
145262,2157.0,28890.0,183925.0,2158.0,2159.0,145260.0,145262.0
817,2.0,976.0,200643.0,171549.0,815.0,816.0,817.0
384,2.0,1224.0,28211.0,356.0,82115.0,379.0,384.0
630,2.0,1224.0,1236.0,91347.0,1903411.0,629.0,630.0
13769,2157.0,28890.0,183963.0,1644060.0,1644061.0,63742.0,13769.0
691,2.0,1224.0,1236.0,135623.0,641.0,662.0,691.0
339,2.0,1224.0,1236.0,135614.0,32033.0,338.0,339.0
670,2.0,1224.0,1236.0,135623.0,641.0,662.0,670.0
33959,2.0,1239.0,91061.0,186826.0,33958.0,1578.0,33959.0
674,2.0,1224.0,1236.0,135623.0,641.0,662.0,674.0
959,2.0,3018035.0,3031418.0,213481.0,213483.0,958.0,959.0
47715,2.0,1239.0,91061.0,186826.0,33958.0,2759736.0,47715.0
43080,2157.0,28889.0,183924.0,2281.0,118883.0,2284.0,43080.0
28037,2.0,1239.0,91061.0,186826.0,1300.0,1301.0,28037.0
2242,2157.0,28890.0,183963.0,2235.0,2236.0,2239.0,2242.0
382,2.0,1224.0,28211.0,356.0,82115.0,28105.0,382.0
1247,2.0,1239.0,91061.0,186826.0,33958.0,46254.0,1247.0
33913,2.0,201174.0,1760.0,85010.0,2070.0,1851.0,33913.0
2133,2.0,544448.0,31969.0,186328.0,2131.0,2132.0,2133.0
2134,2.0,544448.0,31969.0,186328.0,2131.0,2132.0,2134.0
669,2.0,1224.0,1236.0,135623.0,641.0,662.0,669.0
1502,2.0,1239.0,186801.0,186802.0,31979.0,1485.0,1502.0
564,2.0,1224.0,1236.0,91347.0,543.0,561.0,564.0
303,2.0,1224.0,1236.0,72274.0,135621.0,286.0,303.0
599,2.0,1224.0,1236.0,91347.0,543.0,590.0,599.0
1785,2.0,201174.0,1760.0,85007.0,1762.0,1763.0,1785.0
1810,2.0,201174.0,1760.0,85007.0,1762.0,1866885.0,1810.0
47853,2.0,201174.0,1760.0,85008.0,28056.0,1873.0,47853.0
219305,2.0,201174.0,1760.0,85008.0,28056.0,1873.0,219305.0
85991,2.0,204428.0,204429.0,51291.0,809.0,810.0,85991.0
83554,2.0,204428.0,204429.0,51291.0,809.0,810.0,83554.0
83555,2.0,204428.0,204429.0,51291.0,809.0,810.0,83555.0
83556,2.0,204428.0,204429.0,51291.0,809.0,810.0,83556.0
83557,2.0,204428.0,204429.0,51291.0,809.0,810.0,83557.0
60550,2.0,1224.0,28216.0,80840.0,119060.0,32008.0,60550.0
714,2.0,1224.0,1236.0,135625.0,712.0,416916.0,714.0
563177,2157.0,28889.0,183924.0,2281.0,118883.0,12914.0,563177.0
12915,2157.0,28889.0,183924.0,2281.0,118883.0,12914.0,12915.0
1131,2.0,1117.0,3028117.0,1890424.0,1890426.0,1129.0,1131.0
32051,2.0,1117.0,3028117.0,1890424.0,1890426.0,1129.0,32051.0
329,2.0,1224.0,28216.0,80840.0,119060.0,48736.0,329.0
2288,2157.0,28889.0,183924.0,2281.0,118883.0,2284.0,2288.0
1220,2.0,1117.0,3028117.0,1890424.0,2881426.0,1218.0,1220.0
1219,2.0,1117.0,3028117.0,1890424.0,2881426.0,1218.0,1219.0
2881428,2.0,1117.0,3028117.0,1890424.0,2881426.0,2881427.0,2881428.0
2287,2157.0,28889.0,183924.0,2281.0,118883.0,2100760.0,2287.0
1126,2.0,1117.0,3028117.0,1118.0,1890449.0,1125.0,1126.0
46610,2.0,200940.0,3031651.0,3031668.0,213422.0,28231.0,46610.0
207809,2157.0,28889.0,183924.0,2281.0,118883.0,2284.0,207809.0
239,2.0,976.0,117743.0,200644.0,49546.0,237.0,239.0
314564,2157.0,28889.0,183924.0,2281.0,118883.0,12914.0,314564.0
315458,2157.0,28889.0,183924.0,2281.0,118883.0,12914.0,315458.0
29387,2.0,1239.0,91061.0,1385.0,90964.0,1279.0,29387.0
28169,2.0,1224.0,1236.0,135623.0,641.0,662.0,28169.0
2055,2.0,201174.0,1760.0,85007.0,85026.0,2053.0,2055.0
645,2.0,1224.0,1236.0,135624.0,84642.0,642.0,645.0
51589,2157.0,28890.0,183963.0,2235.0,1963268.0,2237.0,51589.0
1642,2.0,1239.0,91061.0,1385.0,186820.0,1637.0,1642.0
40324,2.0,1224.0,1236.0,135614.0,32033.0,40323.0,40324.0
95486,2.0,1224.0,28216.0,80840.0,119060.0,32008.0,95486.0
152480,2.0,1224.0,28216.0,80840.0,119060.0,32008.0,152480.0
28450,2.0,1224.0,28216.0,80840.0,119060.0,32008.0,28450.0
102235,2.0,1117.0,3028117.0,1118.0,2815910.0,102234.0,102235.0
32046,2.0,1117.0,3028117.0,1890424.0,1890426.0,1129.0,32046.0
2024383,2.0,200783.0,187857.0,32069.0,64898.0,75905.0,2024383.0
138072,2.0,1224.0,1236.0,91347.0,543.0,568987.0,138072.0
1392,2.0,1239.0,91061.0,1385.0,186817.0,1386.0,1392.0
232348,2.0,1117.0,3028117.0,1890424.0,1890426.0,1129.0,232348.0
340407,2.0,1239.0,91061.0,1385.0,186817.0,129337.0,340407.0
471223,2.0,1239.0,91061.0,1385.0,186817.0,129337.0,471223.0
544556,2.0,1239.0,91061.0,1385.0,186817.0,129337.0,544556.0
550542,2.0,1239.0,91061.0,1385.0,186817.0,129337.0,550542.0
1426,2.0,1239.0,91061.0,1385.0,186817.0,1906945.0,1426.0
33941,2.0,1239.0,91061.0,1385.0,186817.0,129337.0,33941.0
632,2.0,1224.0,1236.0,91347.0,1903411.0,629.0,632.0
63612,2.0,1224.0,1236.0,91347.0,2812006.0,84565.0,63612.0
75985,2.0,1224.0,1236.0,135625.0,712.0,75984.0,75985.0
274,2.0,1297.0,188787.0,68933.0,188786.0,270.0,274.0
1307,2.0,1239.0,91061.0,186826.0,1300.0,1301.0,1307.0
1334,2.0,1239.0,91061.0,186826.0,1300.0,1301.0,1334.0
29292,2157.0,28890.0,183968.0,2258.0,2259.0,2260.0,29292.0
47253,2.0,1117.0,3028117.0,2881377.0,1890438.0,47251.0,47253.0
1184,2.0,1117.0,3028117.0,2881377.0,1890438.0,47251.0,1184.0
292,2.0,1224.0,28216.0,80840.0,119060.0,32008.0,292.0
269667,2157.0,28889.0,183924.0,2281.0,118883.0,12914.0,269667.0
1613,2.0,1239.0,91061.0,186826.0,33958.0,2742598.0,1613.0
1351,2.0,1239.0,91061.0,186826.0,81852.0,1350.0,1351.0
166310,2.0,1117.0,3028117.0,1890424.0,1890426.0,1129.0,166310.0
166321,2.0,1117.0,3028117.0,1890424.0,1890426.0,1129.0,166321.0
59932,2.0,1117.0,3028117.0,1890424.0,1890426.0,1129.0,59932.0
166313,2.0,1117.0,3028117.0,1890424.0,1890426.0,1129.0,166313.0
166314,2.0,1117.0,3028117.0,1890424.0,1890426.0,1129.0,166314.0
151262,2.0,201174.0,1760.0,85006.0,85023.0,33882.0,151262.0
1428,2.0,1239.0,91061.0,1385.0,186817.0,1386.0,1428.0
192,2.0,1224.0,28211.0,204441.0,2829815.0,191.0,192.0
280483,2.0,1224.0,1236.0,135622.0,267889.0,1518149.0,280483.0
738,2.0,1224.0,1236.0,135625.0,712.0,2094023.0,738.0
89184,2.0,1224.0,28211.0,204455.0,2854170.0,97050.0,89184.0
52598,2.0,1224.0,28211.0,204455.0,2854170.0,60136.0,52598.0
518068,2157.0,28889.0,183924.0,2281.0,118883.0,12914.0,518068.0
1288,2.0,1239.0,91061.0,1385.0,90964.0,1279.0,1288.0
582,2.0,1224.0,1236.0,91347.0,1903414.0,581.0,582.0
1497796,2.0,1224.0,1236.0,91347.0,543.0,570.0,1497796.0
166322,2.0,1117.0,3028117.0,1890424.0,1890426.0,1129.0,166322.0
1302,2.0,1239.0,91061.0,186826.0,1300.0,1301.0,1302.0
1871047,2.0,976.0,117743.0,200644.0,2762318.0,59732.0,1871047.0
305,2.0,1224.0,28216.0,80840.0,119060.0,48736.0,305.0
641420,2.0,1224.0,28216.0,206351.0,1499392.0,32014.0,641420.0
615,2.0,1224.0,1236.0,91347.0,1903411.0,613.0,615.0
552,2.0,1224.0,1236.0,91347.0,1903409.0,551.0,552.0
28141,2.0,1224.0,1236.0,91347.0,543.0,413496.0,28141.0
569,2.0,1224.0,1236.0,91347.0,1903412.0,568.0,569.0
294,2.0,1224.0,1236.0,72274.0,135621.0,286.0,294.0
2434,2.0,1224.0,28211.0,204455.0,2854170.0,2433.0,2434.0
668,2.0,1224.0,1236.0,135623.0,641.0,511678.0,668.0
314855,2.0,1224.0,1236.0,135623.0,641.0,662.0,314855.0
29497,2.0,1224.0,1236.0,135623.0,641.0,662.0,29497.0
314913,2.0,1224.0,1236.0,135623.0,641.0,662.0,314913.0
109790,2.0,1239.0,91061.0,186826.0,33958.0,1578.0,109790.0
317,2.0,1224.0,1236.0,72274.0,135621.0,286.0,317.0
634157,2157.0,28890.0,183963.0,1644055.0,1963271.0,56688.0,634157.0
621,2.0,1224.0,1236.0,91347.0,543.0,620.0,621.0
680,2.0,1224.0,1236.0,135623.0,641.0,662.0,680.0
1303,2.0,1239.0,91061.0,186826.0,1300.0,1301.0,1303.0
712622,2.0,1239.0,91061.0,186826.0,1300.0,1301.0,712622.0
155978,2.0,1117.0,3028117.0,1890424.0,1890429.0,155977.0,155978.0
624,2.0,1224.0,1236.0,91347.0,543.0,620.0,624.0
80866,2.0,1224.0,28216.0,80840.0,80864.0,80865.0,80866.0
2371,2.0,1224.0,1236.0,135614.0,32033.0,2370.0,2371.0
573,2.0,1224.0,1236.0,91347.0,543.0,570.0,573.0
28447,2.0,201174.0,1760.0,85006.0,85023.0,1573.0,28447.0
470,2.0,1224.0,1236.0,2887326.0,468.0,469.0,470.0
687691,2157.0,28889.0,183924.0,2281.0,118883.0,2284.0,687691.0
687692,2157.0,28889.0,183924.0,2281.0,118883.0,2284.0,687692.0
41673,2157.0,28889.0,183924.0,2281.0,118883.0,12914.0,41673.0
678,2.0,1224.0,1236.0,135623.0,641.0,662.0,678.0
56636,2157.0,28889.0,183924.0,114380.0,2272.0,56635.0,56636.0
155892,2.0,1224.0,28211.0,204458.0,76892.0,75.0,155892.0
1681,2.0,201174.0,1760.0,85004.0,31953.0,1678.0,1681.0
1245,2.0,1239.0,91061.0,186826.0,33958.0,1243.0,1245.0
33903,2.0,201174.0,1760.0,85011.0,2062.0,1883.0,33903.0
232353,2.0,1117.0,3028117.0,1890424.0,1890426.0,1129.0,232353.0
305430,2.0,1117.0,3028117.0,1890424.0,1890426.0,1129.0,305430.0
674516,2157.0,28889.0,183924.0,2281.0,118883.0,2284.0,674516.0
1525218,2.0,1224.0,28211.0,204455.0,2854170.0,60136.0,1525218.0
1870901,2.0,1224.0,28211.0,204455.0,2854170.0,245186.0,1870901.0
1055158,2.0,1224.0,28211.0,204455.0,2854170.0,245186.0,1055158.0
1061,2.0,1224.0,28211.0,204455.0,31989.0,1060.0,1061.0
728061,2.0,1224.0,1236.0,2887326.0,468.0,497.0,728061.0
728063,2.0,1224.0,1236.0,135623.0,641.0,662.0,728063.0
728059,2.0,1224.0,1236.0,135624.0,84642.0,642.0,728059.0
728064,2.0,1224.0,1236.0,135623.0,641.0,662.0,728064.0
728062,2.0,1224.0,1236.0,135622.0,267888.0,53246.0,728062.0
59843,2.0,1239.0,91061.0,1385.0,186822.0,44249.0,59843.0
1062,2.0,1224.0,28211.0,204455.0,31989.0,1060.0,1062.0
34009,2.0,1224.0,28211.0,204455.0,31989.0,34008.0,34009.0
685,2.0,1224.0,1236.0,135623.0,641.0,662.0,685.0
1879286,2157.0,28890.0,183963.0,1644055.0,1963271.0,56688.0,1879286.0
1905321,2.0,1224.0,1236.0,135619.0,28256.0,332339.0,1905321.0
868811,2.0,1224.0,1236.0,135623.0,641.0,662.0,868811.0
255252,2.0,1117.0,3028117.0,1890424.0,1890426.0,1129.0,255252.0
76594,2.0,976.0,117743.0,200644.0,49546.0,104264.0,76594.0
192170,2.0,976.0,117743.0,200644.0,49546.0,104264.0,192170.0
459558,2.0,976.0,117743.0,200644.0,49546.0,104264.0,459558.0
40214,2.0,1224.0,1236.0,2887326.0,468.0,469.0,40214.0
2756,2.0,1239.0,91061.0,1385.0,186820.0,2755.0,2756.0
28229,2.0,1224.0,1236.0,135622.0,267889.0,28228.0,28229.0
1496,2.0,1239.0,186801.0,186802.0,186804.0,1870884.0,1496.0
314264,2.0,1224.0,28211.0,204455.0,2854170.0,74030.0,314264.0
314263,2.0,1224.0,28211.0,204455.0,2854170.0,74030.0,314263.0
1348393,2.0,1224.0,1236.0,135622.0,267888.0,53246.0,1348393.0
644,2.0,1224.0,1236.0,135624.0,84642.0,642.0,644.0
549,2.0,1224.0,1236.0,91347.0,1903409.0,53335.0,549.0
505352,2.0,1224.0,28216.0,32003.0,,,505352.0
996,2.0,976.0,117743.0,200644.0,49546.0,237.0,996.0
907046,2.0,976.0,117743.0,200644.0,49546.0,237.0,907046.0
232352,2.0,1117.0,3028117.0,1890424.0,1890426.0,1129.0,232352.0
87883,2.0,1224.0,28216.0,80840.0,119060.0,32008.0,87883.0
33968,2.0,1239.0,91061.0,186826.0,33958.0,1243.0,33968.0
1034015,2157.0,651137.0,1643678.0,1033996.0,1033997.0,497726.0,1034015.0
358,2.0,1224.0,28211.0,356.0,82115.0,357.0,358.0
34085,2.0,976.0,117743.0,200644.0,2762318.0,34084.0,34085.0
34021,2.0,1224.0,28211.0,356.0,82115.0,34019.0,34021.0
550,2.0,1224.0,1236.0,91347.0,543.0,547.0,550.0
67780,2.0,1224.0,1236.0,91347.0,1903412.0,635.0,67780.0
1591,2.0,1239.0,91061.0,186826.0,33958.0,1578.0,1591.0
767892,2.0,1224.0,28211.0,,,767891.0,767892.0
3038074,2.0,1224.0,28211.0,766.0,942.0,953.0,3038074.0
180837,2.0,1224.0,28211.0,766.0,942.0,953.0,180837.0
1823,2.0,201174.0,1760.0,85007.0,85025.0,1817.0,1823.0
1833,2.0,201174.0,1760.0,85007.0,85025.0,1827.0,1833.0
33008,2.0,201174.0,1760.0,85007.0,85025.0,1827.0,33008.0
37326,2.0,201174.0,1760.0,85007.0,85025.0,1817.0,37326.0
2061,2.0,201174.0,1760.0,85007.0,85028.0,2060.0,2061.0
330834,2.0,201174.0,1760.0,85006.0,85021.0,99479.0,330834.0
1160,2.0,1117.0,3028117.0,1150.0,1892252.0,54304.0,1160.0
623,2.0,1224.0,1236.0,91347.0,543.0,620.0,623.0
36809,2.0,201174.0,1760.0,85007.0,1762.0,670516.0,36809.0
1304,2.0,1239.0,91061.0,186826.0,1300.0,1301.0,1304.0
546367,2.0,1224.0,1236.0,91347.0,1903412.0,568.0,546367.0
210,2.0,29547.0,3031852.0,213849.0,72293.0,209.0,210.0
936347,2.0,1224.0,1236.0,2887326.0,468.0,497.0,936347.0
29442,2.0,1224.0,1236.0,72274.0,135621.0,286.0,29442.0
1824,2.0,201174.0,1760.0,85007.0,85025.0,1817.0,1824.0
37330,2.0,201174.0,1760.0,85007.0,85025.0,1817.0,37330.0
89053,2.0,201174.0,1760.0,85007.0,85026.0,2053.0,89053.0
339863,2.0,201174.0,1760.0,85007.0,85026.0,2053.0,339863.0
410332,2.0,201174.0,1760.0,85007.0,85026.0,2053.0,410332.0
36822,2.0,201174.0,1760.0,85007.0,85026.0,2053.0,36822.0
1829,2.0,201174.0,1760.0,85007.0,85025.0,1827.0,1829.0
67825,2.0,1224.0,1236.0,91347.0,543.0,544.0,67825.0
35749,2157.0,28890.0,183968.0,2258.0,2259.0,2263.0,35749.0
1128108,2157.0,28890.0,183968.0,2258.0,2259.0,2263.0,1128108.0
29471,2.0,1224.0,1236.0,91347.0,1903410.0,122277.0,29471.0
45972,2.0,1239.0,91061.0,1385.0,90964.0,1279.0,45972.0
28896,2.0,1239.0,186801.0,68295.0,186814.0,28895.0,28896.0
554,2.0,1224.0,1236.0,91347.0,1903410.0,122277.0,554.0
56460,2.0,1224.0,1236.0,135614.0,32033.0,338.0,56460.0
79967,2.0,1224.0,1236.0,91347.0,1903409.0,551.0,79967.0
39775,2.0,1224.0,1236.0,135618.0,403.0,39773.0,39775.0
235,2.0,1224.0,28211.0,356.0,118882.0,234.0,235.0
52132,2.0,1224.0,28211.0,356.0,118882.0,234.0,52132.0
29460,2.0,1224.0,28211.0,356.0,118882.0,234.0,29460.0
29461,2.0,1224.0,28211.0,356.0,118882.0,234.0,29461.0
444163,2.0,1224.0,28211.0,356.0,118882.0,234.0,444163.0
29459,2.0,1224.0,28211.0,356.0,118882.0,234.0,29459.0
36855,2.0,1224.0,28211.0,356.0,118882.0,234.0,36855.0
1884818,2.0,1224.0,1236.0,91347.0,543.0,561.0,1884818.0
1290,2.0,1239.0,91061.0,1385.0,90964.0,1279.0,1290.0
29388,2.0,1239.0,91061.0,1385.0,90964.0,1279.0,29388.0
1282,2.0,1239.0,91061.0,1385.0,90964.0,1279.0,1282.0
576,2.0,1224.0,1236.0,91347.0,543.0,570.0,576.0
1509,2.0,1239.0,186801.0,186802.0,31979.0,1485.0,1509.0
69218,2.0,1224.0,1236.0,91347.0,543.0,547.0,69218.0
13689,2.0,1224.0,28211.0,204457.0,41297.0,13687.0,13689.0
663,2.0,1224.0,1236.0,135623.0,641.0,662.0,663.0
1089753,2157.0,28890.0,183963.0,1644055.0,1963271.0,56688.0,1089753.0
1089748,2157.0,28890.0,183963.0,1644055.0,1963271.0,56688.0,1089748.0
1158105,2157.0,28890.0,183963.0,1644055.0,1963271.0,56688.0,1158105.0
1089726,2157.0,28890.0,183963.0,1644055.0,1644056.0,60846.0,1089726.0
137591,2.0,1239.0,91061.0,186826.0,33958.0,46255.0,137591.0
672,2.0,1224.0,1236.0,135623.0,641.0,662.0,672.0
361,2.0,1224.0,28211.0,356.0,82115.0,357.0,361.0
1183401,2.0,1224.0,28211.0,356.0,82115.0,357.0,1183401.0
51367,2.0,1224.0,1236.0,135623.0,641.0,51366.0,51367.0
1352,2.0,1239.0,91061.0,186826.0,81852.0,1350.0,1352.0
313588,2.0,976.0,117743.0,200644.0,49546.0,216431.0,313588.0
1904862,2.0,1224.0,1236.0,135619.0,135620.0,28253.0,1904862.0
1089709,2.0,1853220.0,1853222.0,1853224.0,2893042.0,689697.0,1089709.0
346,2.0,1224.0,1236.0,135614.0,32033.0,338.0,346.0
56449,2.0,1224.0,1236.0,135614.0,32033.0,338.0,56449.0
1890673,2.0,1224.0,28211.0,204455.0,2854170.0,875170.0,1890673.0
1397108,2.0,1224.0,28211.0,204455.0,2854170.0,875170.0,1397108.0
647,2.0,1224.0,1236.0,135624.0,84642.0,642.0,647.0
1912,2.0,201174.0,1760.0,85011.0,2062.0,1883.0,1912.0
1408,2.0,1239.0,91061.0,1385.0,186817.0,1386.0,1408.0
1931,2.0,201174.0,1760.0,85011.0,2062.0,1883.0,1931.0
29449,2.0,1224.0,28211.0,356.0,82115.0,379.0,29449.0
396,2.0,1224.0,28211.0,356.0,82115.0,379.0,396.0
1960103,2.0,1239.0,91061.0,1385.0,186820.0,1637.0,1960103.0
1311,2.0,1239.0,91061.0,186826.0,1300.0,1301.0,1311.0
197,2.0,29547.0,3031852.0,213849.0,72294.0,194.0,197.0
487316,2.0,1224.0,1236.0,2887326.0,468.0,469.0,487316.0
33059,2.0,1224.0,1807140.0,225057.0,225058.0,119977.0,33059.0
1747,2.0,201174.0,1760.0,85009.0,31957.0,1912216.0,1747.0
387092,2.0,29547.0,3031852.0,235899.0,2795691.0,269258.0,387092.0
306,2.0,1224.0,1236.0,72274.0,135621.0,286.0,306.0
588,2.0,1224.0,1236.0,91347.0,1903414.0,586.0,588.0
35743,2157.0,28890.0,183963.0,1644055.0,1963271.0,56688.0,35743.0
28442,2157.0,28890.0,183963.0,2235.0,1963268.0,2237.0,28442.0
35742,2157.0,28890.0,183963.0,2235.0,1963268.0,2237.0,35742.0
413503,2.0,1224.0,1236.0,91347.0,543.0,413496.0,413503.0
244363,2157.0,28890.0,183963.0,2235.0,1963268.0,2237.0,244363.0
1089732,2157.0,28890.0,183963.0,1644055.0,1644056.0,695982.0,1089732.0
1089759,2157.0,28890.0,183963.0,1644055.0,1963271.0,56688.0,1089759.0
198252,2.0,1224.0,28211.0,54526.0,1655514.0,198251.0,198252.0
1465,2.0,1239.0,91061.0,1385.0,186822.0,55080.0,1465.0
1464,2.0,1239.0,91061.0,1385.0,186822.0,44249.0,1464.0
676248,2.0,1297.0,188787.0,68933.0,188786.0,270.0,676248.0
28108,2.0,1224.0,1236.0,135622.0,72275.0,226.0,28108.0
314275,2.0,1224.0,1236.0,135622.0,72275.0,226.0,314275.0
1764,2.0,201174.0,1760.0,85007.0,1762.0,1763.0,1764.0
1405,2.0,1239.0,91061.0,1385.0,186817.0,1386.0,1405.0
267375,2.0,1224.0,1236.0,135622.0,267888.0,53246.0,267375.0
96345,2.0,976.0,117743.0,200644.0,49546.0,237.0,96345.0
1916,2.0,201174.0,1760.0,85011.0,2062.0,1883.0,1916.0
67384,2.0,201174.0,1760.0,85011.0,2062.0,1883.0,67384.0
110662,2.0,1117.0,3028117.0,1890424.0,1890426.0,1129.0,110662.0
563,2.0,1224.0,1236.0,91347.0,543.0,1335483.0,563.0
584,2.0,1224.0,1236.0,91347.0,1903414.0,583.0,584.0
53249,2.0,1224.0,1236.0,135622.0,267888.0,53246.0,53249.0
264691,2.0,1117.0,3028117.0,1161.0,1162.0,264688.0,264691.0
103690,2.0,1117.0,3028117.0,1161.0,1162.0,1177.0,103690.0
161398,2.0,1224.0,1236.0,135622.0,267888.0,53246.0,161398.0
1378061,2.0,1117.0,3028117.0,1150.0,1892254.0,1198.0,1378061.0
29385,2.0,1239.0,91061.0,1385.0,90964.0,1279.0,29385.0
106654,2.0,1224.0,1236.0,2887326.0,468.0,469.0,106654.0
1404,2.0,1239.0,91061.0,1385.0,186817.0,2800373.0,1404.0
558,2.0,1224.0,1236.0,91347.0,1903409.0,551.0,558.0
413502,2.0,1224.0,1236.0,91347.0,543.0,413496.0,413502.0
1667,2.0,201174.0,1760.0,85006.0,1268.0,1663.0,1667.0
85698,2.0,1224.0,28216.0,80840.0,506.0,222.0,85698.0
2162,2157.0,28890.0,183925.0,2158.0,2159.0,2160.0,2162.0
35783,2.0,1239.0,91061.0,186826.0,81852.0,1350.0,35783.0
1821,2.0,201174.0,1760.0,85007.0,85025.0,1817.0,1821.0
24,2.0,1224.0,1236.0,135622.0,267890.0,22.0,24.0
548,2.0,1224.0,1236.0,91347.0,543.0,570.0,548.0
82380,2.0,201174.0,1760.0,85006.0,85023.0,33882.0,82380.0
56730,2.0,1224.0,28211.0,356.0,82115.0,379.0,56730.0
55601,2.0,1224.0,1236.0,135623.0,641.0,662.0,55601.0
1462,2.0,1239.0,91061.0,1385.0,186817.0,129337.0,1462.0
1926584,2.0,1224.0,1236.0,135619.0,135620.0,267849.0,1926584.0
215813,2.0,1224.0,28211.0,204455.0,2854170.0,309512.0,215813.0
1914291,2.0,1224.0,1236.0,91347.0,1903410.0,204037.0,1914291.0
1638,2.0,1239.0,91061.0,1385.0,186820.0,1637.0,1638.0
1363,2.0,1239.0,91061.0,186826.0,1300.0,1357.0,1363.0
1406378,2157.0,28890.0,1051663.0,,,,1406378.0
1503040,2.0,1224.0,28211.0,356.0,255475.0,182269.0,1503040.0
472,2.0,1224.0,1236.0,2887326.0,468.0,469.0,472.0
1265478,2.0,1224.0,1236.0,91347.0,543.0,,1265478.0
1461577,2.0,976.0,117743.0,200644.0,2762318.0,1013.0,1461577.0
1449788,2.0,1224.0,28211.0,356.0,82115.0,28105.0,1449788.0
94138,2.0,1239.0,91061.0,1385.0,90964.0,1279.0,94138.0
1510937,2.0,1224.0,1236.0,135622.0,267893.0,,1510937.0
44273,2.0,1239.0,91061.0,186826.0,1300.0,1357.0,44273.0
381,2.0,1224.0,28211.0,356.0,69277.0,68287.0,381.0
1510939,2.0,1224.0,1236.0,135622.0,267893.0,,1510939.0
546,2.0,1224.0,1236.0,91347.0,543.0,544.0,546.0
1913084,2.0,1224.0,1236.0,91347.0,1903410.0,122277.0,1913084.0
1089444,2.0,1224.0,1236.0,91347.0,1903410.0,204037.0,1089444.0
1542666,2.0,1224.0,1236.0,91347.0,543.0,1330545.0,1542666.0
1911,2.0,201174.0,1760.0,85011.0,2062.0,1883.0,1911.0
180282,2.0,1224.0,28216.0,80840.0,80864.0,80865.0,180282.0
1513,2.0,1239.0,186801.0,186802.0,31979.0,1485.0,1513.0
1445,2.0,1239.0,91061.0,1385.0,186817.0,2675234.0,1445.0
1569867,2.0,1224.0,1236.0,72274.0,135621.0,286.0,1569867.0
1309,2.0,1239.0,91061.0,186826.0,1300.0,1301.0,1309.0
1348,2.0,1239.0,91061.0,186826.0,1300.0,1301.0,1348.0
115547,2157.0,,,,,,115547.0
1283,2.0,1239.0,91061.0,1385.0,90964.0,1279.0,1283.0
36823,2.0,201174.0,1760.0,85007.0,85026.0,2053.0,36823.0
1676276,2.0,1224.0,1236.0,91347.0,543.0,544.0,1676276.0
106262,2.0,200918.0,188708.0,1643947.0,1643949.0,160798.0,106262.0
1006155,2.0,1239.0,91061.0,1385.0,186820.0,1637.0,1006155.0
50421,2.0,1224.0,28216.0,80840.0,80864.0,28065.0,50421.0
2184758,2.0,1224.0,28216.0,80840.0,80864.0,28065.0,2184758.0
39122,2.0,201174.0,1760.0,85007.0,85026.0,59613.0,39122.0
42777,2.0,201174.0,1760.0,85007.0,85028.0,2060.0,42777.0
851,2.0,32066.0,203490.0,203491.0,203492.0,848.0,851.0
1537702,2.0,1224.0,28216.0,80840.0,80864.0,80865.0,1537702.0
84096,2.0,201174.0,1760.0,85007.0,85026.0,2053.0,84096.0
480,2.0,1224.0,1236.0,2887326.0,468.0,475.0,480.0
190893,2.0,1224.0,1236.0,135623.0,641.0,662.0,190893.0
69392,2.0,1224.0,1236.0,135614.0,32033.0,40323.0,69392.0
571,2.0,1224.0,1236.0,91347.0,543.0,570.0,571.0
823,2.0,976.0,200643.0,171549.0,2005525.0,375288.0,823.0
46503,2.0,976.0,200643.0,171549.0,2005525.0,375288.0,46503.0
2021,2.0,201174.0,1760.0,85012.0,83676.0,83677.0,2021.0
1678126,2.0,1224.0,1236.0,135622.0,267888.0,53246.0,1678126.0
170673,2.0,1224.0,1236.0,135623.0,641.0,662.0,170673.0
68277,2.0,201174.0,1760.0,85011.0,2062.0,1883.0,68277.0
1648,2.0,1239.0,526524.0,526525.0,128827.0,1647.0,1648.0
1888169,2.0,1224.0,1236.0,91347.0,543.0,413496.0,1888169.0
28174,2.0,1224.0,1236.0,135623.0,641.0,662.0,28174.0
146922,2.0,201174.0,1760.0,85011.0,2062.0,1883.0,146922.0
1771,2.0,201174.0,1760.0,85007.0,1762.0,1866885.0,1771.0
52258,2.0,201174.0,1760.0,85011.0,2062.0,1883.0,52258.0
1771959,2.0,201174.0,1760.0,85006.0,1268.0,1663.0,1771959.0
1250539,2.0,1224.0,28211.0,204455.0,2854170.0,263377.0,1250539.0
1229727,2.0,1224.0,28211.0,204455.0,2854170.0,263377.0,1229727.0
1778540,2.0,1224.0,1236.0,91347.0,1903410.0,204037.0,1778540.0
78,2.0,1224.0,28211.0,204458.0,76892.0,75.0,78.0
1896336,2.0,1224.0,1236.0,91347.0,543.0,544.0,1896336.0
1218315,2.0,1224.0,28211.0,356.0,118882.0,234.0,1218315.0
120576,2.0,1224.0,28211.0,356.0,118882.0,234.0,120576.0
47885,2.0,1224.0,1236.0,72274.0,135621.0,286.0,47885.0
2004705,2157.0,28889.0,183924.0,2266.0,2267.0,2276.0,2004705.0
57975,2.0,1224.0,28216.0,80840.0,119060.0,32008.0,57975.0
1747384,2.0,1224.0,1236.0,135624.0,84642.0,642.0,1747384.0
1580,2.0,1239.0,91061.0,186826.0,33958.0,2767886.0,1580.0
79882,2.0,1239.0,91061.0,1385.0,186817.0,2837511.0,79882.0
33987,2.0,1239.0,91061.0,1385.0,,33986.0,33987.0
28172,2.0,1224.0,1236.0,135623.0,641.0,662.0,28172.0
56448,2.0,1224.0,1236.0,135614.0,32033.0,338.0,56448.0
1180,2.0,1117.0,3028117.0,1161.0,1162.0,1177.0,1180.0
53409,2.0,1224.0,1236.0,72274.0,135621.0,286.0,53409.0
2047085,2.0,1117.0,3028117.0,1161.0,1892259.0,159191.0,2047085.0
70799,2.0,1117.0,3028117.0,1161.0,1892259.0,159191.0,70799.0
36745,2.0,1239.0,186801.0,186802.0,31979.0,1485.0,36745.0
1648923,2.0,1239.0,91061.0,1385.0,186817.0,1386.0,1648923.0
1872104,2157.0,28889.0,183924.0,2281.0,118883.0,12914.0,1872104.0
121277,2157.0,28889.0,183924.0,2266.0,2267.0,2276.0,121277.0
2597349,2.0,1224.0,1236.0,72274.0,135621.0,286.0,2597349.0
59931,2.0,1117.0,3028117.0,1890424.0,1890426.0,1129.0,59931.0
84139,2.0,201174.0,1760.0,85007.0,85026.0,2053.0,84139.0
29382,2.0,1239.0,91061.0,1385.0,90964.0,1279.0,29382.0
1896315,2.0,1239.0,91061.0,186826.0,33958.0,46255.0,1896315.0
622,2.0,1224.0,1236.0,91347.0,543.0,620.0,622.0
158898,2.0,201174.0,1760.0,85007.0,85026.0,2053.0,158898.0
945692,2.0,201174.0,1760.0,85007.0,85026.0,2053.0,945692.0
1744,2.0,201174.0,1760.0,85009.0,31957.0,1743.0,1744.0
347,2.0,1224.0,1236.0,135614.0,32033.0,338.0,347.0
173509,2.0,1224.0,1236.0,135622.0,267890.0,22.0,173509.0
1870778,2.0,1224.0,1236.0,135622.0,267888.0,53246.0,1870778.0
1912315,2.0,1224.0,1236.0,91347.0,1903414.0,581.0,1912315.0
61652,2.0,1224.0,1236.0,91347.0,1903411.0,613.0,61652.0
1676277,2.0,1224.0,1236.0,91347.0,543.0,547.0,1676277.0
625,2.0,1224.0,1236.0,91347.0,543.0,620.0,625.0
42895,2.0,1224.0,1236.0,91347.0,543.0,547.0,42895.0
1564506,2.0,1224.0,28211.0,204455.0,31989.0,34008.0,1564506.0
288,2.0,1224.0,1236.0,135622.0,267888.0,53246.0,288.0
1906242,2.0,976.0,117743.0,200644.0,49546.0,104267.0,1906242.0
553239,2.0,1224.0,1236.0,135623.0,641.0,662.0,553239.0
47951,2.0,1224.0,1236.0,135623.0,641.0,662.0,47951.0
136468,2.0,1224.0,1236.0,135623.0,641.0,662.0,136468.0
2070776,2.0,1224.0,1236.0,135623.0,641.0,662.0,2070776.0
2070777,2.0,1224.0,1236.0,135623.0,641.0,662.0,2070777.0
212663,2.0,1224.0,1236.0,135623.0,641.0,662.0,212663.0
208224,2.0,1224.0,1236.0,91347.0,543.0,547.0,208224.0
1886796,2.0,1224.0,1236.0,135623.0,641.0,51366.0,1886796.0
146537,2.0,201174.0,1760.0,85011.0,2062.0,1883.0,146537.0
58346,2.0,201174.0,1760.0,85011.0,2062.0,1883.0,58346.0
68220,2.0,201174.0,1760.0,85011.0,2062.0,1883.0,68220.0
529,2.0,1224.0,28211.0,356.0,118882.0,234.0,529.0
43687,2157.0,28889.0,183924.0,2281.0,118883.0,41980.0,43687.0
29506,2.0,203691.0,203692.0,1643688.0,170.0,171.0,29506.0
55208,2.0,1224.0,1236.0,91347.0,1903410.0,122277.0,55208.0
145458,2.0,201174.0,1760.0,85006.0,85023.0,33886.0,145458.0
1915309,2.0,3018035.0,1553900.0,2024973.0,2024974.0,2024975.0,1915309.0
2030816,2.0,1224.0,28216.0,32003.0,32011.0,,2030816.0
229007,2.0,1224.0,1236.0,135619.0,28256.0,2745.0,229007.0
33936,2.0,1239.0,91061.0,1385.0,186817.0,1055323.0,33936.0
1430331,2.0,1239.0,91061.0,1385.0,186817.0,129337.0,1430331.0
1872391,2.0,1239.0,91061.0,1385.0,186817.0,1055323.0,1872391.0
1479524,2.0,1224.0,1236.0,135622.0,72275.0,226.0,1479524.0
39960,2.0,1224.0,28211.0,204457.0,335929.0,1041.0,39960.0
283734,2.0,1239.0,91061.0,1385.0,90964.0,1279.0,283734.0
1208308,2.0,1224.0,1236.0,135623.0,641.0,662.0,1208308.0
518,2.0,1224.0,28216.0,80840.0,506.0,517.0,518.0
511435,2.0,976.0,200643.0,171549.0,,511434.0,511435.0
658602,2.0,1224.0,28211.0,356.0,69277.0,69278.0,658602.0
658607,2.0,1224.0,28211.0,356.0,69277.0,69278.0,658607.0
658609,2.0,1224.0,28216.0,80840.0,506.0,359336.0,658609.0
658610,2.0,1224.0,28216.0,80840.0,506.0,359336.0,658610.0
658611,2.0,1224.0,28216.0,80840.0,506.0,359336.0,658611.0
747,2.0,1224.0,1236.0,135625.0,712.0,745.0,747.0
456327,2.0,1224.0,1236.0,135614.0,32033.0,338.0,456327.0
1718,2.0,201174.0,1760.0,85007.0,1653.0,1716.0,1718.0
589,2.0,1224.0,1236.0,91347.0,1903414.0,586.0,589.0
94625,2.0,1224.0,28211.0,356.0,118882.0,234.0,94625.0
229980,2157.0,28889.0,183924.0,114380.0,2272.0,56635.0,229980.0
631,2.0,1224.0,1236.0,91347.0,1903411.0,629.0,631.0
634,2.0,1224.0,1236.0,91347.0,1903411.0,629.0,634.0
28152,2.0,1224.0,1236.0,91347.0,1903411.0,629.0,28152.0
29484,2.0,1224.0,1236.0,91347.0,1903411.0,629.0,29484.0
33060,2.0,1224.0,1236.0,91347.0,1903411.0,629.0,33060.0
1390,2.0,1239.0,91061.0,1385.0,186817.0,1386.0,1390.0
1402,2.0,1239.0,91061.0,1385.0,186817.0,1386.0,1402.0
585,2.0,1224.0,1236.0,91347.0,1903414.0,583.0,585.0
84677,2.0,1224.0,28211.0,766.0,942.0,1647409.0,84677.0
1296,2.0,1239.0,91061.0,1385.0,90964.0,2803850.0,1296.0
1719,2.0,201174.0,1760.0,85007.0,1653.0,1716.0,1719.0
1422,2.0,1239.0,91061.0,1385.0,186817.0,129337.0,1422.0
263819,2.0,1224.0,1236.0,91347.0,1903411.0,629.0,263819.0
119864,2.0,1224.0,1236.0,135619.0,135620.0,28253.0,119864.0
62322,2.0,1224.0,1236.0,135622.0,267890.0,22.0,62322.0
1938,2.0,201174.0,1760.0,85011.0,2062.0,1883.0,1938.0
29380,2.0,1239.0,91061.0,1385.0,90964.0,1279.0,29380.0
1292,2.0,1239.0,91061.0,1385.0,90964.0,1279.0,1292.0
146827,2.0,201174.0,1760.0,85007.0,1653.0,1716.0,146827.0
689844,2.0,1224.0,28211.0,766.0,942.0,953.0,689844.0
28090,2.0,1224.0,1236.0,2887326.0,468.0,469.0,28090.0
202950,2.0,1224.0,1236.0,2887326.0,468.0,469.0,202950.0
759620,2.0,1239.0,91061.0,186826.0,33958.0,46255.0,759620.0
37919,2.0,201174.0,1760.0,85007.0,85025.0,1827.0,37919.0
42353,2.0,1224.0,28216.0,32003.0,206379.0,914.0,42353.0
1569654,2.0,1224.0,1236.0,135624.0,84642.0,642.0,1569654.0
2021637,2.0,1224.0,28211.0,204457.0,41297.0,165695.0,2021637.0
1355477,2.0,1224.0,28211.0,356.0,41294.0,374.0,1355477.0
1888168,2.0,1224.0,28216.0,80840.0,80864.0,281915.0,1888168.0
1622,2.0,1239.0,91061.0,186826.0,33958.0,2767887.0,1622.0
104623,2.0,1224.0,1236.0,91347.0,1903411.0,613.0,104623.0
208223,2.0,1224.0,1236.0,91347.0,543.0,1330547.0,208223.0
55212,2.0,1224.0,1236.0,91347.0,1903409.0,551.0,55212.0
2057980,2.0,1117.0,3028117.0,1890424.0,1890426.0,1129.0,2057980.0
80869,2.0,1224.0,28216.0,80840.0,80864.0,3051137.0,80869.0
65700,2.0,1224.0,1236.0,91347.0,1903409.0,551.0,65700.0
193460,2.0,201174.0,1760.0,85011.0,2062.0,1883.0,193460.0
560047,2.0,1224.0,1236.0,135619.0,28256.0,332339.0,560047.0
38305,2.0,201174.0,1760.0,85007.0,1653.0,1716.0,38305.0
48296,2.0,1224.0,1236.0,2887326.0,468.0,469.0,48296.0
492670,2.0,1239.0,91061.0,1385.0,186817.0,1386.0,492670.0
2020860,2157.0,28889.0,183924.0,2281.0,118883.0,41980.0,2020860.0
196024,2.0,1224.0,1236.0,135624.0,84642.0,642.0,196024.0
29446,2.0,1224.0,1236.0,135614.0,32033.0,338.0,29446.0
83655,2.0,1224.0,1236.0,91347.0,543.0,83654.0,83655.0
82996,2.0,1224.0,1236.0,91347.0,1903411.0,613.0,82996.0
616,2.0,1224.0,1236.0,91347.0,1903411.0,613.0,616.0
633,2.0,1224.0,1236.0,91347.0,1903411.0,629.0,633.0
37333,2.0,201174.0,1760.0,85007.0,85025.0,1817.0,37333.0
31943,2.0,201174.0,1760.0,85006.0,85019.0,1696.0,31943.0
2213,2157.0,28890.0,224756.0,94695.0,2206.0,2207.0,2213.0
301148,2.0,1239.0,91061.0,1385.0,186817.0,1276290.0,301148.0
1589,2.0,1239.0,91061.0,186826.0,33958.0,2767842.0,1589.0
1930,2.0,201174.0,1760.0,85011.0,2062.0,1883.0,1930.0
172,2.0,203691.0,203692.0,1643688.0,170.0,171.0,172.0
1421,2.0,1239.0,91061.0,1385.0,186817.0,400634.0,1421.0
1880678,2.0,1224.0,1236.0,72274.0,135621.0,286.0,1880678.0
78398,2.0,1224.0,1236.0,91347.0,1903410.0,122277.0,78398.0
146919,2.0,1853220.0,1853222.0,1853224.0,1853225.0,146918.0,146919.0
1176,2.0,1117.0,3028117.0,1161.0,1892259.0,1175.0,1176.0
38307,2.0,1224.0,28211.0,204441.0,433.0,441.0,38307.0
1353134,2.0,1117.0,3028117.0,1890424.0,1890426.0,1129.0,1353134.0
1647103,2.0,1224.0,28211.0,204457.0,41297.0,72173.0,1647103.0
54291,2.0,1224.0,1236.0,91347.0,543.0,160674.0,54291.0
1615674,2.0,1224.0,1236.0,72274.0,135621.0,286.0,1615674.0
1891280,2157.0,28889.0,183924.0,2281.0,118883.0,2284.0,1891280.0
129847,2.0,1224.0,1236.0,72274.0,135621.0,286.0,129847.0
104336,2.0,201174.0,1760.0,85006.0,85023.0,33882.0,104336.0
102862,2.0,1224.0,1236.0,91347.0,1903414.0,583.0,102862.0
2486279,2.0,1224.0,1236.0,91347.0,543.0,702.0,2486279.0
853,2.0,1239.0,186801.0,186802.0,216572.0,216851.0,853.0
188144,2.0,1224.0,1236.0,135623.0,641.0,188143.0,188144.0
1159327,2.0,201174.0,1760.0,85006.0,85023.0,1434032.0,1159327.0
46677,2.0,1224.0,1236.0,72274.0,135621.0,286.0,46677.0
69369,2.0,201174.0,1760.0,85006.0,85023.0,33882.0,69369.0
33918,2.0,201174.0,1760.0,85006.0,85023.0,33882.0,33918.0
247480,2.0,1239.0,91061.0,1385.0,186817.0,150247.0,247480.0
1660,2.0,201174.0,1760.0,2037.0,2049.0,2529408.0,1660.0
29418,2.0,1117.0,3028117.0,1161.0,1892263.0,29417.0,29418.0
1306,2.0,1239.0,91061.0,186826.0,1300.0,1301.0,1306.0
48664,2.0,1224.0,1236.0,135614.0,32033.0,338.0,48664.0
67369,2.0,201174.0,1760.0,85011.0,2062.0,1883.0,67369.0
199592,2.0,201174.0,1760.0,85006.0,85023.0,33882.0,199592.0
61645,2.0,1224.0,1236.0,91347.0,543.0,547.0,61645.0
204038,2.0,1224.0,1236.0,91347.0,1903410.0,204037.0,204038.0
652,2.0,1224.0,1236.0,135624.0,84642.0,642.0,652.0
203795,2.0,1224.0,1236.0,135622.0,72275.0,226.0,203795.0
84112,2.0,201174.0,84998.0,1643822.0,1643826.0,84111.0,84112.0
439493,2.0,1224.0,28211.0,54526.0,1655514.0,198251.0,439493.0
2268451,2.0,1224.0,28211.0,54526.0,1655514.0,198251.0,2268451.0
2290876,2.0,1224.0,1236.0,91347.0,1903409.0,551.0,2290876.0
1531298,2.0,1224.0,28216.0,80840.0,80864.0,281915.0,1531298.0
32002,2.0,1224.0,28216.0,80840.0,506.0,222.0,32002.0
2024994,2.0,1224.0,28211.0,204455.0,2854170.0,1434014.0,2024994.0
1961,2.0,201174.0,1760.0,85011.0,2062.0,1883.0,1961.0
1725,2.0,201174.0,1760.0,85007.0,1653.0,1716.0,1725.0
329854,2.0,976.0,200643.0,171549.0,815.0,816.0,329854.0
2286,2157.0,28889.0,183924.0,2281.0,118883.0,2100760.0,2286.0
357276,2.0,976.0,200643.0,171549.0,815.0,909656.0,357276.0
367190,2.0,1224.0,1236.0,91347.0,1903411.0,629.0,367190.0
1341643,2.0,1224.0,1236.0,91347.0,1903411.0,629.0,1341643.0
47914,2.0,201174.0,1760.0,85006.0,85019.0,1696.0,47914.0
1598,2.0,1239.0,91061.0,186826.0,33958.0,2742598.0,1598.0
1665,2.0,201174.0,1760.0,85006.0,1268.0,1663.0,1665.0
246272,2.0,1239.0,91061.0,1385.0,186817.0,2675234.0,246272.0
33932,2.0,1239.0,91061.0,1385.0,186817.0,2837511.0,33932.0
79885,2.0,1239.0,91061.0,1385.0,186817.0,2893060.0,79885.0
1428684,2.0,1239.0,91061.0,1385.0,,33986.0,1428684.0
1821960,2.0,1224.0,1236.0,91347.0,1903412.0,635.0,1821960.0
43666,2.0,201174.0,1760.0,85006.0,1268.0,1742990.0,43666.0
37927,2.0,201174.0,1760.0,85006.0,1268.0,596707.0,37927.0
44824,2.0,1117.0,3028117.0,1118.0,1890449.0,1125.0,44824.0
2047,2.0,201174.0,1760.0,85006.0,1268.0,32207.0,2047.0
1955249,2.0,1297.0,188787.0,68933.0,188786.0,65551.0,1955249.0
50741,2.0,1224.0,1236.0,72274.0,2887365.0,2742.0,50741.0
1620844,2.0,1117.0,3028117.0,1890424.0,1890426.0,1129.0,1620844.0
512650,2.0,1224.0,1236.0,135623.0,641.0,662.0,512650.0
59823,2.0,976.0,200643.0,171549.0,171552.0,838.0,59823.0
59779,2.0,1224.0,28211.0,204455.0,31989.0,265.0,59779.0
1377,2.0,1239.0,91061.0,186826.0,186827.0,1375.0,1377.0
990268,2.0,1224.0,1236.0,135623.0,641.0,662.0,990268.0
2026186,2.0,1239.0,91061.0,1385.0,186817.0,1386.0,2026186.0
147645,2.0,1224.0,28211.0,204455.0,31989.0,265.0,147645.0
34007,2.0,1224.0,28211.0,204455.0,31989.0,265.0,34007.0
135740,2.0,1224.0,28211.0,204455.0,31989.0,265.0,135740.0
384678,2.0,1224.0,28211.0,204455.0,31989.0,265.0,384678.0
34006,2.0,1224.0,28211.0,204455.0,31989.0,265.0,34006.0
180957,2.0,1224.0,1236.0,91347.0,1903410.0,122277.0,180957.0
689,2.0,1224.0,1236.0,135623.0,641.0,662.0,689.0
195,2.0,29547.0,3031852.0,213849.0,72294.0,194.0,195.0
2253,2157.0,28890.0,183963.0,1644055.0,1644056.0,2251.0,2253.0
2024843,2157.0,651137.0,1643678.0,31932.0,338190.0,338191.0,2024843.0
391,2.0,1224.0,28211.0,356.0,82115.0,379.0,391.0
1703969,2.0,1224.0,28211.0,356.0,82115.0,379.0,1703969.0
1764275,2.0,1224.0,28211.0,356.0,82115.0,379.0,1764275.0
1764276,2.0,1224.0,28211.0,356.0,82115.0,379.0,1764276.0
1703972,2.0,1224.0,28211.0,356.0,82115.0,379.0,1703972.0
1703971,2.0,1224.0,28211.0,356.0,82115.0,379.0,1703971.0
1764273,2.0,1224.0,28211.0,356.0,82115.0,379.0,1764273.0
76857,2.0,32066.0,203490.0,203491.0,203492.0,848.0,76857.0
1071053,2.0,1239.0,91061.0,1385.0,186817.0,84406.0,1071053.0
636,2.0,1224.0,1236.0,91347.0,1903412.0,635.0,636.0
1263550,2.0,1224.0,1236.0,91347.0,1903412.0,635.0,1263550.0
107401,2.0,976.0,117743.0,200644.0,49546.0,104267.0,107401.0
1326,2.0,1239.0,91061.0,186826.0,1300.0,1301.0,1326.0
76860,2.0,1239.0,91061.0,186826.0,1300.0,1301.0,76860.0
45634,2.0,1239.0,91061.0,186826.0,1300.0,1301.0,45634.0
1432788,2.0,1239.0,91061.0,186826.0,1300.0,1301.0,1432788.0
155680,2.0,1239.0,91061.0,186826.0,1300.0,1301.0,155680.0
1336,2.0,1239.0,91061.0,186826.0,1300.0,1301.0,1336.0
1335,2.0,1239.0,91061.0,186826.0,1300.0,1301.0,1335.0
315405,2.0,1239.0,91061.0,186826.0,1300.0,1301.0,315405.0
1814128,2.0,1239.0,91061.0,186826.0,1300.0,1301.0,1814128.0
439219,2.0,1239.0,91061.0,186826.0,1300.0,1301.0,439219.0
1888195,2.0,1239.0,91061.0,186826.0,1300.0,1301.0,1888195.0
149015,2.0,1239.0,91061.0,186826.0,1300.0,1301.0,149015.0
380397,2.0,1239.0,91061.0,186826.0,1300.0,1301.0,380397.0
102684,2.0,1239.0,91061.0,186826.0,1300.0,1301.0,102684.0
68892,2.0,1239.0,91061.0,186826.0,1300.0,1301.0,68892.0
1346,2.0,1239.0,91061.0,186826.0,1300.0,1301.0,1346.0
1338,2.0,1239.0,91061.0,186826.0,1300.0,1301.0,1338.0
150055,2.0,1239.0,91061.0,186826.0,1300.0,1301.0,150055.0
59310,2.0,1239.0,91061.0,186826.0,1300.0,1301.0,59310.0
1825069,2.0,1239.0,91061.0,186826.0,1300.0,1301.0,1825069.0
114652,2.0,1239.0,91061.0,186826.0,1300.0,1301.0,114652.0
1318,2.0,1239.0,91061.0,186826.0,1300.0,1301.0,1318.0
197614,2.0,1239.0,91061.0,186826.0,1300.0,1301.0,197614.0
119224,2.0,1239.0,91061.0,186826.0,1300.0,1301.0,119224.0
502567,2.0,1239.0,91061.0,186826.0,1300.0,1301.0,502567.0
1340,2.0,1239.0,91061.0,186826.0,1300.0,1301.0,1340.0
257758,2.0,1239.0,91061.0,186826.0,1300.0,1301.0,257758.0
361101,2.0,1239.0,91061.0,186826.0,1300.0,1301.0,361101.0
1328,2.0,1239.0,91061.0,186826.0,1300.0,1301.0,1328.0
55085,2.0,1239.0,91061.0,186826.0,1300.0,1301.0,55085.0
1349,2.0,1239.0,91061.0,186826.0,1300.0,1301.0,1349.0
149016,2.0,1239.0,91061.0,186826.0,1300.0,1301.0,149016.0
1579424,2.0,1239.0,91061.0,186826.0,1300.0,1301.0,1579424.0
1329,2.0,1239.0,91061.0,186826.0,1300.0,1301.0,1329.0
400065,2.0,1239.0,91061.0,186826.0,1300.0,1301.0,400065.0
456876,2.0,1239.0,91061.0,186826.0,1300.0,1301.0,456876.0
1305,2.0,1239.0,91061.0,186826.0,1300.0,1301.0,1305.0
1343,2.0,1239.0,91061.0,186826.0,1300.0,1301.0,1343.0
439220,2.0,1239.0,91061.0,186826.0,1300.0,1301.0,439220.0
254786,2.0,1239.0,91061.0,186826.0,1300.0,1301.0,254786.0
1904441,2.0,1224.0,28211.0,204455.0,31989.0,,1904441.0
768528,2.0,1224.0,1236.0,135622.0,267890.0,22.0,768528.0
68239,2.0,201174.0,1760.0,85011.0,2062.0,1883.0,68239.0
284570,2.0,201174.0,1760.0,85006.0,85023.0,33882.0,284570.0
1913989,2.0,1224.0,1236.0,,,,1913989.0
28028,2.0,201174.0,1760.0,85007.0,1653.0,1716.0,28028.0
1873496,2.0,1224.0,1236.0,91347.0,543.0,160674.0,1873496.0
1708203,2.0,1224.0,1236.0,135613.0,1046.0,67575.0,1708203.0
683081,2.0,201174.0,1760.0,85011.0,2062.0,1883.0,683081.0
1738770,2.0,1224.0,1236.0,135622.0,267890.0,22.0,1738770.0
33905,2.0,201174.0,1760.0,85004.0,31953.0,1678.0,33905.0
1463165,2.0,1224.0,1236.0,91347.0,543.0,570.0,1463165.0
303541,2.0,1239.0,91061.0,186826.0,33958.0,1578.0,303541.0
2138,2.0,544448.0,31969.0,186328.0,2131.0,2132.0,2138.0
948519,2.0,1224.0,1236.0,135624.0,84642.0,642.0,948519.0
1134687,2.0,1224.0,1236.0,91347.0,543.0,570.0,1134687.0
1284,2.0,1239.0,91061.0,1385.0,90964.0,1279.0,1284.0
1389935,2.0,1224.0,28216.0,80840.0,506.0,222.0,1389935.0
273384,2.0,201174.0,1760.0,85006.0,85019.0,1696.0,273384.0
158836,2.0,1224.0,1236.0,91347.0,543.0,547.0,158836.0
1799,2.0,201174.0,1760.0,85007.0,1762.0,1866885.0,1799.0
696485,2.0,1224.0,1236.0,135623.0,641.0,662.0,696485.0
55211,2.0,1224.0,1236.0,91347.0,1903409.0,551.0,55211.0
252597,2.0,1224.0,1236.0,135622.0,72275.0,226.0,252597.0
990271,2.0,1224.0,1236.0,135623.0,641.0,662.0,990271.0
38293,2.0,1224.0,1236.0,135623.0,641.0,657.0,38293.0
2654244,2.0,976.0,117743.0,200644.0,49546.0,237.0,2654244.0
2654245,2.0,976.0,117743.0,200644.0,49546.0,237.0,2654245.0
2654243,2.0,976.0,117743.0,200644.0,49546.0,237.0,2654243.0
1117645,2.0,976.0,117743.0,200644.0,2762318.0,308865.0,1117645.0
2042057,2.0,1224.0,1236.0,91347.0,1903410.0,122277.0,2042057.0
204039,2.0,1224.0,1236.0,91347.0,1903410.0,204037.0,204039.0
374606,2.0,1224.0,28211.0,356.0,69277.0,31988.0,374606.0
28214,2.0,1224.0,28211.0,204457.0,41297.0,13687.0,28214.0
1888892,2.0,1224.0,28211.0,204457.0,41297.0,13687.0,1888892.0
2024849,2.0,1224.0,28211.0,54526.0,1655514.0,198251.0,2024849.0
34103,2.0,1224.0,28216.0,80840.0,2975441.0,34102.0,34103.0
74313,2.0,1224.0,28211.0,204458.0,76892.0,41275.0,74313.0
831,2.0,1239.0,186801.0,186802.0,186803.0,830.0,831.0
232,2.0,1224.0,1236.0,135622.0,72275.0,226.0,232.0
371601,2.0,976.0,200643.0,171549.0,815.0,816.0,371601.0
818,2.0,976.0,200643.0,171549.0,815.0,816.0,818.0
915352,2.0,976.0,117743.0,200644.0,49546.0,104267.0,915352.0
2203419,2.0,1224.0,28211.0,356.0,118882.0,528.0,2203419.0
1281,2.0,1239.0,91061.0,1385.0,90964.0,1279.0,1281.0
114975,2.0,1239.0,91061.0,1385.0,186818.0,1569.0,114975.0
1650659,2157.0,28889.0,183924.0,2266.0,2267.0,2270.0,1650659.0
1684,2.0,201174.0,1760.0,85004.0,31953.0,1678.0,1684.0
2067991,2.0,1090.0,191410.0,191411.0,191412.0,,2067991.0
337,2.0,1224.0,28216.0,80840.0,119060.0,32008.0,337.0
2093884,2.0,1224.0,1236.0,91347.0,543.0,561.0,2093884.0
470868,2.0,1224.0,28216.0,80840.0,506.0,222.0,470868.0
221822,2.0,1224.0,28211.0,204455.0,2854170.0,302485.0,221822.0
1153,2.0,1117.0,3028117.0,2881377.0,1890436.0,1152.0,1153.0
665099,2.0,1239.0,91061.0,1385.0,186817.0,2675230.0,665099.0
2724897,2.0,29547.0,3031852.0,235899.0,2795691.0,269258.0,2724897.0
2724899,2.0,29547.0,3031852.0,235899.0,2795691.0,269258.0,2724899.0
2724898,2.0,29547.0,3031852.0,235899.0,2795691.0,269258.0,2724898.0
2724900,2.0,29547.0,3031852.0,235899.0,2795691.0,269258.0,2724900.0
2546201,2.0,1224.0,28216.0,32003.0,,,2546201.0
1972222,2.0,1224.0,1236.0,91347.0,543.0,82976.0,1972222.0
1656094,2.0,1224.0,1236.0,135622.0,72275.0,226.0,1656094.0
126157,2.0,1239.0,91061.0,1385.0,186817.0,1221880.0,126157.0
99007,2157.0,28889.0,183924.0,2266.0,2267.0,2276.0,99007.0
166309,2.0,1117.0,3028117.0,1890424.0,1890426.0,1129.0,166309.0
1310165,2.0,1224.0,28216.0,80840.0,119060.0,48736.0,1310165.0
241438,2.0,1117.0,3028117.0,2881377.0,1890438.0,241432.0,241438.0
2745558,2.0,976.0,117743.0,200644.0,49546.0,104264.0,2745558.0
2749994,2.0,976.0,117743.0,200644.0,49546.0,104264.0,2749994.0
2745563,2.0,976.0,117743.0,200644.0,49546.0,52959.0,2745563.0
2745561,2.0,976.0,117743.0,200644.0,49546.0,52959.0,2745561.0
2745565,2.0,976.0,117743.0,200644.0,49546.0,104267.0,2745565.0
2745566,2.0,976.0,117743.0,200644.0,49546.0,104267.0,2745566.0
2745560,2.0,976.0,117743.0,200644.0,49546.0,336276.0,2745560.0
1942464,2.0,976.0,117743.0,200644.0,49546.0,104264.0,1942464.0
2745562,2.0,976.0,117743.0,200644.0,49546.0,52959.0,2745562.0
444515,2.0,976.0,117743.0,200644.0,49546.0,252356.0,444515.0
2735435,2.0,1224.0,28211.0,204455.0,2854170.0,60136.0,2735435.0
190895,2.0,1224.0,1236.0,135623.0,641.0,662.0,190895.0
29438,2.0,1224.0,1236.0,72274.0,135621.0,286.0,29438.0
83171,2157.0,28890.0,183939.0,2182.0,196117.0,196118.0,83171.0
2108530,2.0,1224.0,28211.0,204455.0,2854170.0,97050.0,2108530.0
29523,2.0,976.0,200643.0,171549.0,815.0,816.0,29523.0
587,2.0,1224.0,1236.0,91347.0,1903414.0,586.0,587.0
820,2.0,976.0,200643.0,171549.0,815.0,816.0,820.0
121872,2157.0,28890.0,183963.0,1644060.0,1644061.0,88723.0,121872.0
88724,2157.0,28890.0,183963.0,1644060.0,1644061.0,88723.0,88724.0
134375,2.0,1224.0,28216.0,80840.0,506.0,222.0,134375.0
28095,2.0,1224.0,28216.0,80840.0,119060.0,32008.0,28095.0
375,2.0,1224.0,28211.0,356.0,41294.0,374.0,375.0
2760844,2.0,1224.0,1236.0,91347.0,1903411.0,613.0,2760844.0
33038,2.0,1239.0,186801.0,186802.0,186803.0,2316020.0,33038.0
1892904,2.0,1224.0,1236.0,135622.0,72275.0,226.0,1892904.0
2033,2.0,201174.0,1760.0,85006.0,85023.0,33882.0,2033.0
51671,2.0,201174.0,1760.0,85006.0,85023.0,33882.0,51671.0
311808,2.0,201174.0,1760.0,85006.0,1268.0,1663.0,311808.0
648,2.0,1224.0,1236.0,135624.0,84642.0,642.0,648.0
391289,2.0,1239.0,91061.0,1385.0,186817.0,1386.0,391289.0
265546,2.0,1239.0,91061.0,1385.0,186817.0,150247.0,265546.0
42858,2.0,1239.0,91061.0,1385.0,90964.0,2803850.0,42858.0
545,2.0,1224.0,1236.0,91347.0,543.0,544.0,545.0
2702,2.0,201174.0,1760.0,85004.0,31953.0,2701.0,2702.0
2801032,2157.0,28890.0,183963.0,1644055.0,1963271.0,56688.0,2801032.0
2770772,2.0,1239.0,186801.0,186802.0,186804.0,1870884.0,2770772.0
2770786,2.0,1239.0,186801.0,186802.0,186804.0,1870884.0,2770786.0
47770,2.0,1239.0,91061.0,186826.0,33958.0,1578.0,47770.0
171279,2.0,544448.0,31969.0,2085.0,2092.0,2767358.0,171279.0
519450,2.0,544448.0,31969.0,2085.0,2092.0,2093.0,519450.0
35746,2157.0,28890.0,183963.0,1644055.0,1644056.0,2251.0,35746.0
1661,2.0,201174.0,1760.0,2037.0,2049.0,1069494.0,1661.0
1127,2.0,1117.0,3028117.0,1118.0,1890449.0,1125.0,1127.0
1871614,2.0,201174.0,1760.0,85006.0,85017.0,157920.0,1871614.0
57480,2.0,1224.0,28216.0,206351.0,1499392.0,57479.0,57480.0
71237,2.0,1239.0,91061.0,1385.0,90964.0,2803850.0,71237.0
246432,2.0,1239.0,91061.0,1385.0,90964.0,1279.0,246432.0
61015,2.0,1239.0,91061.0,1385.0,90964.0,1279.0,61015.0
29486,2.0,1224.0,1236.0,91347.0,1903411.0,629.0,29486.0
29447,2.0,1224.0,1236.0,135614.0,32033.0,338.0,29447.0
2730087,2.0,1117.0,3028117.0,1890424.0,1890426.0,1129.0,2730087.0
37328,2.0,201174.0,1760.0,85007.0,85025.0,1817.0,37328.0
1873498,2.0,1224.0,1236.0,91347.0,1903412.0,568.0,1873498.0
1196095,2.0,1224.0,1236.0,1240482.0,1240483.0,1193503.0,1196095.0
1218506,2.0,1239.0,91061.0,186826.0,33958.0,1578.0,1218506.0
1218493,2.0,1239.0,91061.0,186826.0,33958.0,1578.0,1218493.0
1218507,2.0,1239.0,91061.0,186826.0,33958.0,1578.0,1218507.0
251701,2.0,1224.0,1236.0,72274.0,135621.0,286.0,251701.0
36746,2.0,1224.0,1236.0,72274.0,135621.0,286.0,36746.0
1908224,2.0,1224.0,28211.0,204457.0,41297.0,165697.0,1908224.0
130049,2.0,1239.0,91061.0,1385.0,186822.0,44249.0,130049.0
194963,2.0,1224.0,28211.0,356.0,82115.0,28105.0,194963.0
561879,2.0,1239.0,91061.0,1385.0,186817.0,1386.0,561879.0
293387,2.0,1239.0,91061.0,1385.0,186817.0,1386.0,293387.0
1089735,2157.0,28890.0,183963.0,1644055.0,1963271.0,56688.0,1089735.0
1172566,2157.0,28890.0,183963.0,1644060.0,1644061.0,88723.0,1172566.0
538381,2.0,1224.0,28211.0,356.0,2821832.0,152161.0,538381.0
322686,2.0,201174.0,1760.0,85006.0,85023.0,33882.0,322686.0
2748,2.0,1239.0,91061.0,186826.0,186828.0,2747.0,2748.0
35703,2.0,1224.0,1236.0,91347.0,543.0,544.0,35703.0
1869344,2.0,201174.0,1760.0,85006.0,85023.0,2034.0,1869344.0
1641,2.0,1239.0,91061.0,1385.0,186820.0,1637.0,1641.0
471,2.0,1224.0,1236.0,2887326.0,468.0,469.0,471.0
2853441,2.0,1224.0,1236.0,135623.0,641.0,662.0,2853441.0
83986,2157.0,28890.0,224756.0,2191.0,2194.0,45989.0,83986.0
246167,2.0,1224.0,1236.0,135623.0,641.0,662.0,246167.0
511,2.0,1224.0,28216.0,80840.0,506.0,507.0,511.0
438,2.0,1224.0,28211.0,204441.0,433.0,434.0,438.0
104099,2.0,1224.0,28211.0,204441.0,433.0,434.0,104099.0
440,2.0,1224.0,28211.0,204441.0,433.0,434.0,440.0
28448,2.0,1224.0,28211.0,204441.0,433.0,1434011.0,28448.0
1203393,2.0,1224.0,28211.0,204441.0,433.0,2919364.0,1203393.0
29378,2.0,1239.0,91061.0,1385.0,90964.0,1279.0,29378.0
102148,2.0,1239.0,526524.0,526525.0,128827.0,123375.0,102148.0
51669,2.0,1239.0,91061.0,186826.0,81852.0,51668.0,51669.0
297,2.0,1224.0,2008785.0,119069.0,206349.0,70774.0,297.0
876,2.0,200940.0,3031449.0,213115.0,194924.0,872.0,876.0
2053489,2157.0,1655434.0,,,,,2053489.0
2830837,2.0,1224.0,1236.0,135622.0,267890.0,22.0,2830837.0
182337,2.0,1224.0,1236.0,91347.0,1903409.0,551.0,182337.0
69393,2.0,1224.0,1236.0,91347.0,1903409.0,53335.0,69393.0
198620,2.0,1224.0,1236.0,72274.0,135621.0,286.0,198620.0
1933880,2.0,201174.0,1760.0,85006.0,1268.0,1742989.0,1933880.0
47886,2.0,1224.0,1236.0,72274.0,135621.0,286.0,47886.0
299767,2.0,1224.0,1236.0,91347.0,543.0,547.0,299767.0
57706,2.0,1224.0,1236.0,91347.0,543.0,544.0,57706.0
1871623,2.0,1239.0,91061.0,1385.0,186817.0,1221880.0,1871623.0
40216,2.0,1224.0,1236.0,2887326.0,468.0,469.0,40216.0
29282,2157.0,28890.0,183963.0,2235.0,1963268.0,2237.0,29282.0
1542011,2157.0,28890.0,183963.0,2235.0,1963268.0,2237.0,1542011.0
239935,2.0,74201.0,203494.0,48461.0,1647988.0,239934.0,239935.0
1655,2.0,201174.0,1760.0,2037.0,2049.0,1654.0,1655.0
1871086,2.0,1224.0,28211.0,204458.0,76892.0,41275.0,1871086.0
205,2.0,29547.0,3031852.0,213849.0,72294.0,194.0,205.0
1478,2.0,1239.0,91061.0,1385.0,186817.0,2675229.0,1478.0
1590,2.0,1239.0,91061.0,186826.0,33958.0,2767842.0,1590.0
47917,2.0,1224.0,1236.0,91347.0,1903411.0,613.0,47917.0
575,2.0,1224.0,1236.0,91347.0,543.0,160674.0,575.0
59814,2.0,1224.0,1236.0,91347.0,1903409.0,53335.0,59814.0
1434821,2.0,1224.0,1236.0,135619.0,135620.0,965.0,1434821.0
391588,2.0,1224.0,28211.0,204455.0,2854170.0,2433.0,391588.0
2107,2.0,544448.0,31969.0,2085.0,2092.0,2767358.0,2107.0
654,2.0,1224.0,1236.0,135624.0,84642.0,642.0,654.0
283923,2.0,1224.0,1236.0,135614.0,32033.0,83618.0,283923.0
1042,2.0,1224.0,28211.0,204457.0,335929.0,1041.0,1042.0
72174,2.0,1224.0,28211.0,204457.0,41297.0,72173.0,72174.0
1510574,2.0,1224.0,1236.0,91347.0,1903411.0,34037.0,1510574.0
1560201,2.0,1224.0,1236.0,91347.0,1903409.0,551.0,1560201.0
244366,2.0,1224.0,1236.0,91347.0,543.0,570.0,244366.0
470932,2.0,1224.0,1236.0,91347.0,1903409.0,53335.0,470932.0
2886196,2.0,256845.0,,,,,2886196.0
77022,2.0,1117.0,3028117.0,1161.0,1892259.0,77021.0,77022.0
651,2.0,1224.0,1236.0,135624.0,84642.0,642.0,651.0
126344,2.0,1117.0,3028117.0,1150.0,1892254.0,1198.0,126344.0
2923419,2.0,1224.0,1236.0,135624.0,84642.0,642.0,2923419.0
2923421,2.0,1224.0,1236.0,135624.0,84642.0,642.0,2923421.0
2923420,2.0,1224.0,1236.0,135624.0,84642.0,642.0,2923420.0
1326968,2.0,1239.0,91061.0,1385.0,186817.0,1386.0,1326968.0
29303,2.0,201174.0,1760.0,85011.0,2062.0,2995706.0,29303.0
521,2.0,1224.0,28216.0,80840.0,506.0,517.0,521.0
32049,2.0,1117.0,3028117.0,1890424.0,1890426.0,1129.0,32049.0
543360,2.0,1224.0,1236.0,72274.0,135621.0,286.0,543360.0
1756761,2.0,1224.0,1236.0,135624.0,84642.0,1929090.0,1756761.0
443616,2.0,1224.0,1236.0,135613.0,1046.0,67575.0,443616.0
1639133,2.0,1224.0,1236.0,91347.0,543.0,544.0,1639133.0
83558,2.0,204428.0,204429.0,51291.0,809.0,810.0,83558.0
1486246,2.0,1224.0,1236.0,135619.0,28256.0,2745.0,1486246.0
1618,2.0,1239.0,91061.0,186826.0,33958.0,2767888.0,1618.0
253,2.0,976.0,117743.0,200644.0,2762318.0,59732.0,253.0
343,2.0,1224.0,1236.0,135614.0,32033.0,338.0,343.0
1201031,2.0,1224.0,1236.0,91347.0,1903410.0,122277.0,1201031.0
2591838,2157.0,,,,,,2591838.0
1920174,2.0,1224.0,28211.0,204455.0,2854170.0,53945.0,1920174.0
1920173,2.0,1224.0,1236.0,135622.0,72275.0,1621534.0,1920173.0
227866,2.0,1239.0,91061.0,1385.0,186817.0,1386.0,227866.0
2774190,2.0,1224.0,28211.0,204458.0,76892.0,41275.0,2774190.0
2774189,2.0,1224.0,28211.0,204458.0,76892.0,41275.0,2774189.0
29581,2.0,1224.0,28216.0,80840.0,75682.0,29580.0,29581.0
1886636,2.0,1224.0,1236.0,135614.0,1775411.0,242605.0,1886636.0
2780091,2.0,1224.0,1236.0,135614.0,1775411.0,242605.0,2780091.0
556,2.0,1224.0,1236.0,91347.0,1903410.0,204037.0,556.0
70856,2.0,1224.0,1236.0,135624.0,84642.0,642.0,70856.0
158484,2.0,1224.0,1236.0,91347.0,543.0,158483.0,158484.0
33946,2.0,1239.0,91061.0,1385.0,186818.0,1649.0,33946.0
29414,2.0,1117.0,3028117.0,1150.0,1892254.0,1183.0,29414.0
614,2.0,1224.0,1236.0,91347.0,1903411.0,613.0,614.0
1399,2.0,1239.0,91061.0,1385.0,186817.0,2675230.0,1399.0
1841599,2157.0,1936271.0,,,,2964766.0,1841599.0
1628085,2.0,1239.0,186801.0,186802.0,216572.0,2048137.0,1628085.0
328814,2.0,976.0,200643.0,171549.0,171550.0,239759.0,328814.0
105841,2.0,1239.0,186801.0,186802.0,186803.0,207244.0,105841.0
28116,2.0,976.0,200643.0,171549.0,815.0,816.0,28116.0
47678,2.0,976.0,200643.0,171549.0,815.0,816.0,47678.0
291644,2.0,976.0,200643.0,171549.0,815.0,816.0,291644.0
1680,2.0,201174.0,1760.0,85004.0,31953.0,1678.0,1680.0
1689,2.0,201174.0,1760.0,85004.0,31953.0,1678.0,1689.0
28026,2.0,201174.0,1760.0,85004.0,31953.0,1678.0,28026.0
1492,2.0,1239.0,186801.0,186802.0,31979.0,1485.0,1492.0
2040332,2.0,1239.0,186801.0,186802.0,186803.0,189330.0,2040332.0
208479,2.0,1239.0,186801.0,186802.0,186803.0,2719313.0,208479.0
2613924,2.0,1239.0,186801.0,186802.0,31979.0,1649459.0,2613924.0
1940789,2.0,1239.0,91061.0,186826.0,1300.0,1357.0,1940789.0
2115968,2.0,1239.0,91061.0,1385.0,186817.0,400634.0,2115968.0
1217282,2.0,976.0,200643.0,171549.0,2005525.0,375288.0,1217282.0
204516,2.0,976.0,200643.0,171549.0,815.0,909656.0,204516.0
821,2.0,976.0,200643.0,171549.0,815.0,909656.0,821.0
1583,2.0,1239.0,91061.0,186826.0,33958.0,46255.0,1583.0
661398,2.0,201174.0,1760.0,85006.0,85023.0,33882.0,661398.0
2246,2157.0,28890.0,183963.0,1644055.0,1644056.0,2251.0,2246.0
28031,2.0,1239.0,91061.0,1385.0,186817.0,400634.0,28031.0
2971255,2.0,1224.0,28216.0,80840.0,80864.0,34072.0,2971255.0
988779,2.0,1224.0,28211.0,766.0,775.0,1742636.0,988779.0
2910159,2.0,1239.0,91061.0,1385.0,186817.0,1386.0,2910159.0
37332,2.0,201174.0,1760.0,85007.0,85025.0,1817.0,37332.0
70863,2.0,1224.0,1236.0,135622.0,267890.0,22.0,70863.0
33940,2.0,1239.0,91061.0,1385.0,186817.0,129337.0,33940.0
153151,2.0,1239.0,91061.0,1385.0,186817.0,1906945.0,153151.0
2725268,2.0,544448.0,,,,,2725268.0
2881018,2.0,203682.0,,,,,2881018.0
1903071,2.0,1224.0,28211.0,204455.0,2854170.0,60136.0,1903071.0
1599,2.0,1239.0,91061.0,186826.0,33958.0,2767885.0,1599.0
380021,2.0,1224.0,1236.0,72274.0,135621.0,286.0,380021.0
462991,2.0,1224.0,1236.0,135623.0,641.0,662.0,462991.0
29448,2.0,1224.0,28211.0,356.0,41294.0,374.0,29448.0
442694,2.0,1224.0,1236.0,135614.0,32033.0,338.0,442694.0
29498,2.0,1224.0,1236.0,135623.0,641.0,662.0,29498.0
43263,2.0,1224.0,1236.0,72274.0,135621.0,286.0,43263.0
262668,2.0,1224.0,1236.0,2887326.0,468.0,469.0,262668.0
1752076,2.0,1224.0,1236.0,2887326.0,468.0,469.0,1752076.0
56811,2.0,1224.0,1236.0,2887326.0,468.0,497.0,56811.0
488447,2.0,1224.0,28216.0,80840.0,119060.0,32008.0,488447.0
1869339,2.0,1224.0,28216.0,80840.0,80864.0,52972.0,1869339.0
2653893,2.0,1224.0,28216.0,80840.0,,54066.0,2653893.0
70775,2.0,1224.0,1236.0,72274.0,135621.0,286.0,70775.0
47304,2157.0,28889.0,183924.0,2281.0,118883.0,41980.0,47304.0
452949,2157.0,28889.0,183924.0,2281.0,118883.0,2284.0,452949.0
413497,2.0,1224.0,1236.0,91347.0,543.0,413496.0,413497.0
1353,2.0,1239.0,91061.0,186826.0,81852.0,1350.0,1353.0
88688,2.0,1224.0,28211.0,204458.0,76892.0,75.0,88688.0
28038,2.0,1239.0,91061.0,186826.0,33958.0,2767885.0,28038.0
1907202,2.0,1224.0,28211.0,204455.0,2854170.0,2433.0,1907202.0
316,2.0,1224.0,1236.0,72274.0,135621.0,2901164.0,316.0
517398,2.0,1224.0,1236.0,72274.0,135621.0,286.0,517398.0
528343,2.0,1224.0,1236.0,72274.0,135621.0,286.0,528343.0
2663020,2157.0,28889.0,183924.0,2281.0,118883.0,2284.0,2663020.0
1587,2.0,1239.0,91061.0,186826.0,33958.0,1578.0,1587.0
1450,2.0,1239.0,91061.0,1385.0,186823.0,29330.0,1450.0
580,2.0,1224.0,1236.0,91347.0,543.0,579.0,580.0
29549,2.0,1853220.0,1853222.0,1853224.0,563843.0,29548.0,29549.0
1283293,2.0,1224.0,1236.0,72274.0,135621.0,286.0,1283293.0
1283285,2.0,1224.0,1236.0,72274.0,135621.0,286.0,1283285.0
70347,2.0,1224.0,1236.0,2887326.0,468.0,469.0,70347.0
587753,2.0,1224.0,1236.0,72274.0,135621.0,286.0,587753.0
266022,2157.0,28889.0,183924.0,2266.0,2267.0,2276.0,266022.0
2271,2157.0,28889.0,183924.0,2266.0,2267.0,2270.0,2271.0
442459,2.0,201174.0,1760.0,85008.0,28056.0,1865.0,442459.0
79879,2.0,1239.0,91061.0,1385.0,186817.0,2837485.0,79879.0
315460,2157.0,28889.0,183924.0,2281.0,118883.0,12914.0,315460.0
47834,2.0,544448.0,31969.0,186328.0,2131.0,2132.0,47834.0
77097,2.0,1224.0,1236.0,135619.0,28256.0,2745.0,77097.0
727,2.0,1224.0,1236.0,135625.0,712.0,724.0,727.0
217203,2.0,1224.0,28216.0,80840.0,506.0,222.0,217203.0
315461,2157.0,28889.0,183924.0,2281.0,118883.0,12914.0,315461.0
1472,2.0,1239.0,91061.0,1385.0,186822.0,44249.0,1472.0
1869227,2.0,,,,,,1869227.0
1519,2.0,1239.0,186801.0,186802.0,31979.0,1485.0,1519.0
413501,2.0,1224.0,1236.0,91347.0,543.0,413496.0,413501.0
1163710,2.0,1224.0,1236.0,91347.0,543.0,413496.0,1163710.0
391290,2.0,1239.0,91061.0,1385.0,186817.0,129337.0,391290.0
338565,2.0,1224.0,1236.0,91347.0,1903409.0,551.0,338565.0
591913,2.0,201174.0,1760.0,85007.0,85026.0,2053.0,591913.0
692362,2.0,201174.0,1760.0,85007.0,85026.0,2053.0,692362.0
2254,2157.0,28890.0,183963.0,1644055.0,1644056.0,2251.0,2254.0
2355,2.0,,,,,,2355.0
28452,2.0,203691.0,203692.0,1643688.0,170.0,171.0,28452.0
301541,2.0,203691.0,203692.0,1643688.0,170.0,171.0,301541.0
408139,2.0,203691.0,203692.0,1643688.0,170.0,171.0,408139.0
28182,2.0,203691.0,203692.0,1643688.0,170.0,171.0,28182.0
145261,2157.0,28890.0,183925.0,2158.0,2159.0,145260.0,145261.0
288426,2.0,1224.0,28211.0,204455.0,31989.0,265.0,288426.0
28107,2.0,1224.0,1236.0,135622.0,267888.0,53246.0,28107.0
409012,2.0,201174.0,1760.0,85007.0,85025.0,1827.0,409012.0
1256785,2.0,201174.0,1760.0,85007.0,85025.0,1827.0,1256785.0
43767,2.0,201174.0,1760.0,85007.0,85025.0,2979332.0,43767.0
50422,2.0,1224.0,1236.0,135622.0,267890.0,22.0,50422.0
1386772,2.0,1224.0,1236.0,135622.0,267890.0,22.0,1386772.0
1386773,2.0,1224.0,1236.0,135622.0,267890.0,22.0,1386773.0
1386774,2.0,1224.0,1236.0,135622.0,267890.0,22.0,1386774.0
1386775,2.0,1224.0,1236.0,135622.0,267890.0,22.0,1386775.0
1386776,2.0,1224.0,1236.0,135622.0,267890.0,22.0,1386776.0
1894,2.0,201174.0,1760.0,85011.0,2062.0,2063.0,1894.0
2749995,2.0,976.0,117743.0,200644.0,49546.0,286104.0,2749995.0
256701,2.0,201174.0,1760.0,85006.0,1268.0,1742989.0,256701.0
89059,2.0,1239.0,91061.0,186826.0,33958.0,2767887.0,89059.0
1406,2.0,1239.0,91061.0,1385.0,186822.0,44249.0,1406.0
1520,2.0,1239.0,186801.0,186802.0,31979.0,1485.0,1520.0
53413,2.0,1224.0,1236.0,135614.0,32033.0,338.0,53413.0
76258,2.0,1224.0,1236.0,135623.0,641.0,662.0,76258.0
246787,2.0,976.0,200643.0,171549.0,815.0,816.0,246787.0
267,2.0,1224.0,28211.0,204455.0,31989.0,265.0,267.0
2247,2157.0,28890.0,183963.0,1644055.0,1963271.0,56688.0,2247.0
275,2.0,1297.0,188787.0,68933.0,188786.0,270.0,275.0
1872444,2.0,976.0,200643.0,171549.0,171550.0,239759.0,1872444.0
1774,2.0,201174.0,1760.0,85007.0,1762.0,670516.0,1774.0
292733,2.0,1224.0,1236.0,2887326.0,468.0,497.0,292733.0
2766470,2.0,1239.0,91061.0,186826.0,33958.0,1243.0,2766470.0
229037,2.0,1224.0,1236.0,91347.0,1903414.0,583.0,229037.0
1872640,2.0,1224.0,1236.0,91347.0,1903414.0,637.0,1872640.0
638,2.0,1224.0,1236.0,91347.0,1903414.0,637.0,638.0
337255,2.0,1224.0,1236.0,91347.0,1903414.0,637.0,337255.0
1354,2.0,1239.0,91061.0,186826.0,81852.0,1350.0,1354.0
166486,2.0,1239.0,186801.0,186802.0,186803.0,841.0,166486.0
79884,2.0,1239.0,91061.0,1385.0,186817.0,2675234.0,79884.0
379347,2.0,1224.0,28211.0,204455.0,31989.0,2083206.0,379347.0
703,2.0,1224.0,1236.0,91347.0,543.0,702.0,703.0
1063,2.0,1224.0,28211.0,204455.0,31989.0,1653176.0,1063.0
1717,2.0,201174.0,1760.0,85007.0,1653.0,1716.0,1717.0
1972202,2.0,976.0,117743.0,200644.0,49546.0,104264.0,1972202.0
37636,2.0,1297.0,188787.0,68933.0,188786.0,270.0,37636.0
400390,2.0,1224.0,1236.0,,,265980.0,400390.0
316278,2.0,1117.0,3028117.0,1890424.0,1890426.0,1129.0,316278.0
316279,2.0,1117.0,3028117.0,1890424.0,1890426.0,1129.0,316279.0
313625,2.0,1117.0,3028117.0,1890424.0,1890426.0,1129.0,313625.0
86840,2.0,1224.0,1236.0,72274.0,135621.0,286.0,86840.0
211621,2.0,1224.0,28211.0,766.0,942.0,953.0,211621.0
158,2.0,203691.0,203692.0,136.0,2845253.0,157.0,158.0
41315,2.0,1224.0,1236.0,91347.0,1903411.0,629.0,41315.0
435310,2.0,1224.0,1236.0,135623.0,641.0,662.0,435310.0
33047,2.0,1224.0,28211.0,356.0,772.0,773.0,33047.0
66070,2.0,1224.0,28211.0,766.0,942.0,953.0,66070.0
182079,2.0,1117.0,3028117.0,1890424.0,1890426.0,1129.0,182079.0
58665,2.0,1117.0,3028117.0,1890424.0,1890426.0,1129.0,58665.0
38323,2.0,1224.0,28211.0,356.0,772.0,773.0,38323.0
803,2.0,1224.0,28211.0,356.0,772.0,773.0,803.0
487,2.0,1224.0,28216.0,206351.0,481.0,482.0,487.0
971,2.0,1239.0,909932.0,909929.0,1843491.0,970.0,971.0
159,2.0,203691.0,203692.0,1643686.0,143786.0,29521.0,159.0
839,2.0,976.0,200643.0,171549.0,171552.0,838.0,839.0
1927,2.0,201174.0,1760.0,85011.0,2062.0,1883.0,1927.0
278678,2.0,1224.0,28211.0,,,,278678.0
33972,2.0,1239.0,91061.0,186826.0,1300.0,1301.0,33972.0
1640,2.0,1239.0,91061.0,1385.0,186820.0,1637.0,1640.0
1169671,2.0,1239.0,91061.0,186826.0,1300.0,1301.0,1169671.0
1169675,2.0,1239.0,91061.0,186826.0,1300.0,1301.0,1169675.0
